date,t_max,t_min,precip,source
2025-01-01 00:00:00,0.2,-3.7,7.4,eccc
2025-01-02 00:00:00,-13.5,-27.9,0.0,eccc
2025-01-03 00:00:00,-4.3,-22.9,0.9,eccc
2025-01-04 00:00:00,-1.6,-14.4,0.0,eccc
2025-01-05 00:00:00,14.2,-4.7,8.1,eccc
2025-01-06 00:00:00,11.0,0.7,0.0,eccc
2025-01-07 00:00:00,28.0,15.0,0.0,eccc
2025-01-08 00:00:00,22.1,3.6,0.0,eccc
2025-01-09 00:00:00,25.7,4.8,0.0,eccc
2025-01-10 00:00:00,,,,eccc
2025-01-11 00:00:00,,,,eccc
2025-01-12 00:00:00,,,,eccc
2025-02-01 00:00:00,-2.4,-8.4,0.1,eccc
2025-02-02 00:00:00,-11.6,-27.7,0.9,eccc
2025-02-03 00:00:00,-9.5,-31.0,0.0,eccc
2025-02-04 00:00:00,0.7,-15.8,9.5,eccc
2025-02-05 00:00:00,,,,eccc
2025-02-06 00:00:00,21.4,-1.6,0.0,eccc
2025-02-07 00:00:00,27.9,13.4,0.0,eccc
2025-02-08 00:00:00,25.7,5.5,0.0,eccc
2025-02-09 00:00:00,24.5,7.8,0.0,eccc
2025-02-10 00:00:00,,,,eccc
2025-02-11 00:00:00,,,,eccc
2025-02-12 00:00:00,,,,eccc
2025-03-01 00:00:00,-8.2,-15.1,0.5,eccc
2025-03-02 00:00:00,-0.9,-13.0,1.9,eccc
2025-03-03 00:00:00,-2.9,-24.9,0.2,eccc
2025-03-04 00:00:00,11.0,0.4,6.0,eccc
2025-03-05 00:00:00,12.2,-1.2,0.0,eccc
2025-03-06 00:00:00,27.0,4.6,0.0,eccc
2025-03-07 00:00:00,22.2,7.2,0.0,eccc
2025-03-08 00:00:00,26.8,12.5,0.0,eccc
2025-03-09 00:00:00,25.0,5.7,0.0,eccc
2025-03-10 00:00:00,,,,eccc
2025-03-11 00:00:00,,,,eccc
2025-03-12 00:00:00,,,,eccc
2025-04-01 00:00:00,-8.2,-16.4,0.8,eccc
2025-04-02 00:00:00,-9.3,-26.0,0.0,eccc
2025-04-03 00:00:00,0.7,-9.0,6.9,eccc
2025-04-04 00:00:00,10.3,-2.6,0.0,eccc
2025-04-05 00:00:00,20.0,-2.7,0.3,eccc
2025-04-06 00:00:00,29.3,14.7,20.2,eccc
2025-04-07 00:00:00,25.4,5.5,0.0,eccc
2025-04-08 00:00:00,21.8,10.5,0.0,eccc
2025-04-09 00:00:00,15.0,1.4,12.5,eccc
2025-04-10 00:00:00,,,,eccc
2025-04-11 00:00:00,,,,eccc
2025-04-12 00:00:00,,,,eccc
2025-05-01 00:00:00,-8.6,-15.0,0.3,eccc
2025-05-02 00:00:00,-9.7,-30.8,0.0,eccc
2025-05-03 00:00:00,3.0,0.1,19.1,eccc
2025-05-04 00:00:00,5.1,-1.7,5.0,eccc
2025-05-05 00:00:00,20.1,3.4,2.9,eccc
2025-05-06 00:00:00,22.2,8.7,0.1,eccc
2025-05-07 00:00:00,30.6,10.7,0.0,eccc
2025-05-08 00:00:00,25.0,9.4,0.0,eccc
2025-05-09 00:00:00,18.6,0.8,17.0,eccc
2025-05-10 00:00:00,,,,eccc
2025-05-11 00:00:00,,,,eccc
2025-05-12 00:00:00,,,,eccc
2025-06-01 00:00:00,-10.4,-19.1,0.0,eccc
2025-06-02 00:00:00,-3.3,-23.3,4.6,eccc
2025-06-03 00:00:00,3.5,-10.1,1.3,eccc
2025-06-04 00:00:00,3.4,-8.0,0.0,eccc
2025-06-05 00:00:00,20.1,10.4,1.8,eccc
2025-06-06 00:00:00,24.4,7.7,0.0,eccc
2025-06-07 00:00:00,29.0,16.6,12.4,eccc
2025-06-08 00:00:00,26.8,9.0,0.0,eccc
2025-06-09 00:00:00,15.2,6.9,0.0,eccc
2025-06-10 00:00:00,,,,eccc
2025-06-11 00:00:00,,,,eccc
2025-06-12 00:00:00,,,,eccc
2025-07-01 00:00:00,-9.2,-16.5,0.3,eccc
2025-07-02 00:00:00,-4.9,-11.9,0.7,eccc
2025-07-03 00:00:00,-2.4,-11.0,6.0,eccc
2025-07-04 00:00:00,5.9,-10.6,9.3,eccc
2025-07-05 00:00:00,14.3,2.6,0.6,eccc
2025-07-06 00:00:00,21.3,5.4,0.0,eccc
2025-07-07 00:00:00,18.1,12.3,15.4,eccc
2025-07-08 00:00:00,28.8,10.8,0.0,eccc
2025-07-09 00:00:00,15.4,4.5,0.4,eccc
2025-07-10 00:00:00,,,,eccc
2025-07-11 00:00:00,,,,eccc
2025-07-12 00:00:00,,,,eccc
2025-08-01 00:00:00,-10.7,-20.9,0.0,eccc
2025-08-02 00:00:00,-3.1,-20.5,0.8,eccc
2025-08-03 00:00:00,-1.7,-12.8,0.0,eccc
2025-08-04 00:00:00,-4.0,-17.1,2.8,eccc
2025-08-05 00:00:00,12.9,-2.1,0.0,eccc
2025-08-06 00:00:00,23.0,2.6,0.0,eccc
2025-08-07 00:00:00,25.5,9.8,0.0,eccc
2025-08-08 00:00:00,30.1,11.7,0.0,eccc
2025-08-09 00:00:00,16.3,0.1,0.0,eccc
2025-08-10 00:00:00,,,,eccc
2025-08-11 00:00:00,,,,eccc
2025-08-12 00:00:00,,,,eccc
2025-09-01 00:00:00,-7.6,-19.2,0.0,eccc
2025-09-02 00:00:00,-3.2,-11.2,1.6,eccc
2025-09-03 00:00:00,2.7,-7.2,3.5,eccc
2025-09-04 00:00:00,,,,eccc
2025-09-05 00:00:00,16.4,-3.3,0.3,eccc
2025-09-06 00:00:00,,,,eccc
2025-09-07 00:00:00,26.9,12.6,0.0,eccc
2025-09-08 00:00:00,32.1,15.3,0.0,eccc
2025-09-09 00:00:00,20.1,-0.7,0.0,eccc
2025-09-10 00:00:00,,,,eccc
2025-09-11 00:00:00,,,,eccc
2025-09-12 00:00:00,,,,eccc
2025-10-01 00:00:00,-3.8,-24.0,2.3,eccc
2025-10-02 00:00:00,-6.1,-15.0,0.8,eccc
2025-10-03 00:00:00,5.3,-6.4,0.0,eccc
2025-10-04 00:00:00,5.1,-16.2,0.0,eccc
2025-10-05 00:00:00,18.7,-2.8,0.6,eccc
2025-10-05 04:00:00,27.881999969482422,11.881999969482422,0.0,openmeteo
2025-10-06 00:00:00,18.3,10.9,0.1,eccc
2025-10-06 04:00:00,25.281999588012695,12.232000350952148,0.0,openmeteo
2025-10-07 00:00:00,27.2,13.4,5.1,eccc
2025-10-07 04:00:00,16.731998443603516,7.392499923706055,5.200000286102295,openmeteo
2025-10-08 00:00:00,33.0,16.1,0.0,eccc
2025-10-08 04:00:00,10.242500305175781,0.8925000429153442,0.0,openmeteo
2025-10-09 00:00:00,22.8,1.7,0.0,eccc
2025-10-09 04:00:00,12.042499542236328,-1.3574999570846558,0.0,openmeteo
2025-10-10 00:00:00,,,,eccc
2025-10-10 04:00:00,16.4424991607666,1.5425000190734863,0.0,openmeteo
2025-10-11 00:00:00,,,,eccc
2025-10-11 04:00:00,19.49250030517578,5.442500114440918,0.0,openmeteo
2025-10-12 00:00:00,,,,eccc
2025-10-12 04:00:00,20.042499542236328,7.442500114440918,0.0,openmeteo
2025-10-13 04:00:00,19.642499923706055,6.392499923706055,0.0,openmeteo
2025-10-14 04:00:00,19.542499542236328,6.942500114440918,0.0,openmeteo
2025-10-15 04:00:00,15.942499160766602,11.042499542236328,0.6000000238418579,openmeteo
2025-10-16 04:00:00,13.592500686645508,10.242500305175781,5.700000286102295,openmeteo
2025-10-17 04:00:00,12.542499542236328,5.142499923706055,0.9000000953674316,openmeteo
2025-10-18 04:00:00,7.792500019073486,2.8924999237060547,0.0,openmeteo
2025-10-19 04:00:00,3.742500066757202,2.6424999237060547,0.30000001192092896,openmeteo
2025-10-20 04:00:00,5.642499923706055,-0.35749995708465576,0.0,openmeteo
2025-11-01 00:00:00,-3.2,-10.6,1.7,eccc
2025-11-02 00:00:00,-7.9,-27.8,2.1,eccc
2025-11-03 00:00:00,9.1,-9.3,0.0,eccc
2025-11-04 00:00:00,4.4,-1.0,0.4,eccc
2025-11-05 00:00:00,18.1,-3.7,0.1,eccc
2025-11-06 00:00:00,22.1,8.2,0.4,eccc
2025-11-07 00:00:00,28.3,12.3,0.0,eccc
2025-11-08 00:00:00,33.1,15.4,0.0,eccc
2025-11-09 00:00:00,20.1,3.4,0.0,eccc
2025-11-10 00:00:00,,,,eccc
2025-11-11 00:00:00,,,,eccc
2025-11-12 00:00:00,,,,eccc
2025-12-01 00:00:00,-2.5,-5.4,2.4,eccc
2025-12-02 00:00:00,-9.8,-31.5,11.0,eccc
2025-12-03 00:00:00,0.4,-14.9,0.0,eccc
2025-12-04 00:00:00,9.6,-3.9,0.0,eccc
2025-12-05 00:00:00,27.6,1.8,0.0,eccc
2025-12-06 00:00:00,18.1,4.3,0.0,eccc
2025-12-07 00:00:00,31.1,12.3,0.0,eccc
2025-12-08 00:00:00,32.5,17.9,0.0,eccc
2025-12-09 00:00:00,20.6,-0.5,0.0,eccc
2025-12-10 00:00:00,,,,eccc
2025-12-11 00:00:00,,,,eccc
2025-12-12 00:00:00,,,,eccc
,-1.1,-8.1,2.5,eccc
,-6.4,-14.7,0.0,eccc
,-5.4,-14.1,0.0,eccc
,-6.1,-10.6,0.1,eccc
,-0.7,-10.1,0.1,eccc
,0.8,-12.1,4.7,eccc
,-11.7,-23.0,0.0,eccc
,-12.9,-32.1,1.6,eccc
,-13.5,-24.8,0.4,eccc
,-12.8,-30.7,0.1,eccc
,-6.7,-23.0,0.4,eccc
,-9.6,-28.9,0.0,eccc
,-5.1,-20.3,1.1,eccc
,-3.8,-7.9,0.3,eccc
,-0.1,-11.2,7.1,eccc
,-11.2,-20.9,5.3,eccc
,-9.8,-22.6,2.1,eccc
,-4.6,-26.7,1.1,eccc
,-4.1,-17.1,0.0,eccc
,-7.2,-18.9,17.5,eccc
,-6.5,-21.2,0.0,eccc
,-5.8,-15.2,6.3,eccc
,-10.4,-16.8,18.6,eccc
,-11.3,-20.2,0.0,eccc
,-14.4,-23.1,0.0,eccc
,-9.4,-24.1,0.0,eccc
,-8.6,-27.2,0.0,eccc
,-8.4,-20.8,0.0,eccc
,-4.3,-19.0,0.2,eccc
,-2.0,-5.4,0.3,eccc
,2.3,-3.2,1.6,eccc
,5.0,-1.8,0.8,eccc
,3.2,-10.1,0.2,eccc
,6.2,-11.2,0.5,eccc
,-5.6,-15.7,6.9,eccc
,8.6,-15.4,0.0,eccc
,13.7,-10.7,0.3,eccc
,13.9,-2.1,2.3,eccc
,13.0,-1.8,19.1,eccc
,2.0,-8.7,0.0,eccc
,9.6,-6.3,0.0,eccc
,18.7,-2.4,0.0,eccc
,9.5,-6.6,8.2,eccc
,4.8,-11.0,0.0,eccc
,1.1,-14.9,2.7,eccc
,0.1,-18.2,0.0,eccc
,1.7,-6.1,9.1,eccc
,-0.2,-7.1,0.1,eccc
,0.5,-14.3,0.0,eccc
,5.4,-17.8,0.2,eccc
,-1.7,-10.9,19.3,eccc
,-1.2,-6.1,10.9,eccc
,0.4,-4.0,16.4,eccc
,4.2,-3.8,3.3,eccc
,14.1,-5.3,0.4,eccc
,13.8,-4.3,0.3,eccc
,4.8,-2.6,1.2,eccc
,2.2,-5.8,0.0,eccc
,10.4,-9.2,0.0,eccc
,13.7,-4.7,2.1,eccc
,13.3,-0.5,7.1,eccc
,9.1,-2.8,0.0,eccc
,7.1,-3.4,8.4,eccc
,6.2,-2.5,0.0,eccc
,14.5,-4.2,0.0,eccc
,19.4,-1.7,3.3,eccc
,12.6,4.3,0.6,eccc
,5.9,0.6,27.1,eccc
,16.1,-2.1,0.3,eccc
,20.8,-2.6,0.0,eccc
,26.7,-0.6,1.8,eccc
,12.0,-3.4,0.0,eccc
,28.8,4.9,0.0,eccc
,20.6,13.2,0.3,eccc
,20.6,9.4,1.3,eccc
,25.7,7.4,3.8,eccc
,19.5,7.3,34.3,eccc
,11.6,3.0,1.1,eccc
,9.8,0.2,0.0,eccc
,16.5,-0.2,0.0,eccc
,11.0,7.0,1.1,eccc
,9.0,6.2,12.8,eccc
,9.3,5.5,7.9,eccc
,11.4,4.9,5.1,eccc
,17.0,3.1,6.8,eccc
,21.7,1.9,0.0,eccc
,24.9,1.6,0.0,eccc
,,,,eccc
,,,,eccc
,23.2,6.5,6.3,eccc
,10.7,4.1,0.2,eccc
,17.3,3.5,0.0,eccc
,20.2,3.8,0.0,eccc
,24.3,3.2,0.0,eccc
,26.2,4.6,0.0,eccc
,27.2,10.0,0.4,eccc
,24.4,16.9,0.0,eccc
,19.6,12.1,39.6,eccc
,21.8,9.3,0.0,eccc
,25.2,8.4,55.4,eccc
,30.5,19.8,0.0,eccc
,32.7,18.1,0.0,eccc
,31.7,17.7,0.0,eccc
,26.6,15.2,0.0,eccc
,16.5,12.0,2.0,eccc
,20.2,12.8,32.4,eccc
,21.5,14.7,0.8,eccc
,27.2,12.0,0.0,eccc
,29.9,12.3,1.4,eccc
,29.8,14.7,1.8,eccc
,28.3,13.0,0.0,eccc
,30.5,12.7,0.0,eccc
,30.7,13.9,0.1,eccc
,23.6,7.8,8.6,eccc
,24.2,5.3,0.0,eccc
,24.5,10.9,6.5,eccc
,24.7,12.1,0.7,eccc
,19.5,5.8,0.0,eccc
,23.1,3.4,0.0,eccc
,27.8,6.4,0.0,eccc
,32.5,16.2,3.7,eccc
,27.2,14.5,0.3,eccc
,28.8,12.4,0.0,eccc
,28.9,16.4,0.3,eccc
,31.2,15.1,0.0,eccc
,27.7,15.4,0.0,eccc
,24.5,10.2,0.0,eccc
,21.8,6.2,0.0,eccc
,29.6,13.0,1.0,eccc
,25.2,8.5,0.0,eccc
,28.8,6.1,0.0,eccc
,31.6,10.3,0.0,eccc
,20.8,5.8,1.1,eccc
,19.8,2.5,0.0,eccc
,16.1,8.5,1.5,eccc
,17.4,10.9,0.9,eccc
,25.0,8.1,0.0,eccc
,27.7,7.0,0.0,eccc
,25.0,13.4,10.9,eccc
,22.8,11.2,0.0,eccc
,19.8,9.9,0.4,eccc
,16.8,4.2,0.9,eccc
,20.2,4.1,0.3,eccc
,15.8,9.1,19.6,eccc
,17.1,4.8,0.0,eccc
,20.3,3.1,0.0,eccc
,23.8,3.5,0.0,eccc
,22.8,10.0,0.7,eccc
,21.3,6.0,0.0,eccc
,23.1,3.0,0.0,eccc
,25.3,3.1,0.0,eccc
,26.3,4.1,0.0,eccc
,22.9,6.9,0.0,eccc
,17.1,-0.2,0.0,eccc
,17.5,-2.7,0.0,eccc
,24.6,-3.3,1.1,eccc
,20.5,14.2,1.5,eccc
,20.7,15.0,16.4,eccc
,21.1,13.3,13.4,eccc
,17.6,11.8,0.0,eccc
,19.3,11.8,0.0,eccc
,21.6,7.9,0.0,eccc
,22.4,5.4,0.0,eccc
,,,,eccc
,,,,eccc
,,,,eccc
,,,,eccc
,,,,eccc
,,,,eccc
,,,,eccc
,,,,eccc
,,,,eccc
,,,,eccc
,,,,eccc
,,,,eccc
,,,,eccc
,,,,eccc
,,,,eccc
,,,,eccc
,,,,eccc
,,,,eccc
,,,,eccc
,,,,eccc
,,,,eccc
,,,,eccc
,,,,eccc
,,,,eccc
,,,,eccc
,,,,eccc
,,,,eccc
,,,,eccc
,,,,eccc
,,,,eccc
,,,,eccc
,,,,eccc
,,,,eccc
,,,,eccc
,,,,eccc
,,,,eccc
,,,,eccc
,,,,eccc
,,,,eccc
,,,,eccc
,,,,eccc
,,,,eccc
,,,,eccc
,,,,eccc
,,,,eccc
,,,,eccc
,,,,eccc
,,,,eccc
,,,,eccc
,,,,eccc
,,,,eccc
,,,,eccc
,,,,eccc
,,,,eccc
,,,,eccc
,,,,eccc
,,,,eccc
,,,,eccc
